Season,Seed,TeamID,rank
1985,W01,1207,1
1985,W02,1210,2
1985,W03,1228,3
1985,W04,1260,4
1985,W05,1374,5
1985,W06,1208,6
1985,W07,1393,7
1985,W08,1396,8
1985,W09,1439,9
1985,W10,1177,10
1985,W11,1455,11
1985,W12,1330,12
1985,W13,1233,13
1985,W14,1318,14
1985,W15,1273,15
1985,W16,1250,16
1985,X01,1385,1
1985,X02,1433,2
1985,X03,1301,3
1985,X04,1424,4
1985,X05,1449,5
1985,X06,1409,6
1985,X07,1104,7
1985,X08,1234,8
1985,X09,1116,9
1985,X10,1112,10
1985,X11,1431,11
1985,X12,1246,12
1985,X13,1361,13
1985,X14,1305,14
1985,X15,1267,15
1985,X16,1380,16
1985,Y01,1328,1
1985,Y02,1272,2
1985,Y03,1181,3
1985,Y04,1326,4
1985,Y05,1256,5
1985,Y06,1403,6
1985,Y07,1412,7
1985,Y08,1425,8
1985,Y09,1229,9
1985,Y10,1277,10
1985,Y11,1130,11
1985,Y12,1338,12
1985,Y13,1235,13
1985,Y14,1337,14
1985,Y15,1335,15
1985,Y16,1299,16
1985,Z01,1276,1
1985,Z02,1314,2
1985,Z03,1242,3
1985,Z04,1261,4
1985,Z05,1268,5
1985,Z06,1345,6
1985,Z07,1323,7
1985,Z08,1437,8
1985,Z09,1173,9
1985,Z10,1333,10
1985,Z11,1120,11
1985,Z12,1275,12
1985,Z13,1298,13
1985,Z14,1325,14
1985,Z15,1292,15
1985,Z16,1192,16
1986,W01,1181,1
1986,W02,1393,2
1986,W03,1231,3
1986,W04,1328,4
1986,W05,1438,5
1986,W06,1386,6
1986,W07,1298,7
1986,W08,1330,8
1986,W09,1452,9
1986,W10,1409,10
1986,W11,1350,11
1986,W12,1177,12
1986,W13,1318,13
1986,W14,1156,14
1986,W15,1135,15
1986,W16,1290,16
1986,X01,1242,1
1986,X02,1276,2
1986,X03,1323,3
1986,X04,1207,4
1986,X05,1277,5
1986,X06,1301,6
1986,X07,1235,7
1986,X08,1239,8
1986,X09,1396,9
1986,X10,1275,10
1986,X11,1234,11
1986,X12,1449,12
1986,X13,1403,13
1986,X14,1114,14
1986,X15,1103,15
1986,X16,1299,16
1986,Y01,1246,1
1986,Y02,1210,2
1986,Y03,1272,3
1986,Y04,1228,4
1986,Y05,1104,5
1986,Y06,1345,6
1986,Y07,1439,7
1986,Y08,1443,8
1986,Y09,1304,9
1986,Y10,1437,10
1986,Y11,1261,11
1986,Y12,1462,12
1986,Y13,1193,13
1986,Y14,1123,14
1986,Y15,1265,15
1986,Y16,1172,16
1986,Z01,1385,1
1986,Z02,1257,2
1986,Z03,1314,3
1986,Z04,1424,4
1986,Z05,1268,5
1986,Z06,1412,6
1986,Z07,1133,7
1986,Z08,1120,8
1986,Z09,1112,9
1986,Z10,1431,10
1986,Z11,1281,11
1986,Z12,1337,12
1986,Z13,1419,13
1986,Z14,1428,14
1986,Z15,1180,15
1986,Z16,1286,16
1987,W01,1314,1
1987,W02,1393,2
1987,W03,1345,3
1987,W04,1395,4
1987,W05,1323,5
1987,W06,1196,6
1987,W07,1452,7
1987,W08,1298,8
1987,W09,1276,9
1987,W10,1443,10
1987,W11,1301,11
1987,W12,1292,12
1987,W13,1267,13
1987,W14,1318,14
1987,W15,1204,15
1987,W16,1335,16
1987,X01,1207,1
1987,X02,1104,2
1987,X03,1228,3
1987,X04,1155,4
1987,X05,1242,5
1987,X06,1344,6
1987,X07,1309,7
1987,X08,1246,8
1987,X09,1326,9
1987,X10,1140,10
1987,X11,1412,11
1987,X12,1222,12
1987,X13,1283,13
1987,X14,1122,14
1987,X15,1299,15
1987,X16,1137,16
1987,Y01,1231,1
1987,Y02,1396,2
1987,Y03,1177,3
1987,Y04,1281,4
1987,Y05,1181,5
1987,Y06,1385,6
1987,Y07,1210,7
1987,Y08,1120,8
1987,Y09,1360,9
1987,Y10,1261,10
1987,Y11,1455,11
1987,Y12,1401,12
1987,Y13,1462,13
1987,Y14,1256,14
1987,Y15,1380,15
1987,Y16,1193,16
1987,Z01,1424,1
1987,Z02,1234,2
1987,Z03,1338,3
1987,Z04,1417,4
1987,Z05,1438,5
1987,Z06,1328,6
1987,Z07,1431,7
1987,Z08,1208,8
1987,Z09,1243,9
1987,Z10,1112,10
1987,Z11,1409,11
1987,Z12,1461,12
1987,Z13,1141,13
1987,Z14,1265,14
1987,Z15,1365,15
1987,Z16,1226,16
1988,W01,1396,1
1988,W02,1181,2
1988,W03,1393,3
1988,W04,1231,4
1988,W05,1210,5
1988,W06,1281,6
1988,W07,1374,7
1988,W08,1207,8
1988,W09,1261,9
1988,W10,1323,10
1988,W11,1348,11
1988,W12,1235,12
1988,W13,1350,13
1988,W14,1299,14
1988,W15,1131,15
1988,W16,1250,16
1988,X01,1345,1
1988,X02,1338,2
1988,X03,1301,3
1988,X04,1243,4
1988,X05,1177,5
1988,X06,1242,6
1988,X07,1435,7
1988,X08,1124,8
1988,X09,1272,9
1988,X10,1429,10
1988,X11,1462,11
1988,X12,1455,12
1988,X13,1247,13
1988,X14,1293,14
1988,X15,1185,15
1988,X16,1192,16
1988,Y01,1328,1
1988,Y02,1246,2
1988,Y03,1228,3
1988,Y04,1140,4
1988,Y05,1257,5
1988,Y06,1437,6
1988,Y07,1268,7
1988,Y08,1120,8
1988,Y09,1133,9
1988,Y10,1364,10
1988,Y11,1116,11
1988,Y12,1333,12
1988,Y13,1150,13
1988,Y14,1427,14
1988,Y15,1380,15
1988,Y16,1151,16
1988,Z01,1112,1
1988,Z02,1314,2
1988,Z03,1276,3
1988,Z04,1424,4
1988,Z05,1234,5
1988,Z06,1196,6
1988,Z07,1461,7
1988,Z08,1371,8
1988,Z09,1431,9
1988,Z10,1258,10
1988,Z11,1385,11
1988,Z12,1199,12
1988,Z13,1283,13
1988,Z14,1129,14
1988,Z15,1317,15
1988,Z16,1165,16
1989,W01,1207,1
1989,W02,1181,2
1989,W03,1390,3
1989,W04,1234,4
1989,W05,1301,5
1989,W06,1243,6
1989,W07,1452,7
1989,W08,1435,8
1989,W09,1323,9
1989,W10,1397,10
1989,W11,1278,11
1989,W12,1376,12
1989,W13,1353,13
1989,W14,1373,14
1989,W15,1354,15
1989,W16,1343,16
1989,X01,1112,1
1989,X02,1231,2
1989,X03,1371,3
1989,X04,1424,4
1989,X05,1272,5
1989,X06,1333,6
1989,X07,1431,7
1989,X08,1388,8
1989,X09,1155,9
1989,X10,1261,10
1989,X11,1191,11
1989,X12,1177,12
1989,X13,1225,13
1989,X14,1283,14
1989,X15,1206,15
1989,X16,1352,16
1989,Y01,1228,1
1989,Y02,1393,2
1989,Y03,1281,3
1989,Y04,1257,4
1989,Y05,1116,5
1989,Y06,1210,6
1989,Y07,1196,7
1989,Y08,1338,8
1989,Y09,1123,9
1989,Y10,1161,10
1989,Y11,1400,11
1989,Y12,1258,12
1989,Y13,1114,13
1989,Y14,1166,14
1989,Y15,1137,15
1989,Y16,1270,16
1989,Z01,1328,1
1989,Z02,1314,2
1989,Z03,1276,3
1989,Z04,1199,4
1989,Z05,1438,5
1989,Z06,1104,6
1989,Z07,1417,7
1989,Z08,1247,8
1989,Z09,1256,9
1989,Z10,1235,10
1989,Z11,1375,11
1989,Z12,1344,12
1989,Z13,1292,13
1989,Z14,1462,14
1989,Z15,1380,15
1989,Z16,1190,16
1990,W01,1163,1
1990,W02,1242,2
1990,W03,1181,3
1990,W04,1247,4
1990,W05,1155,5
1990,W06,1385,6
1990,W07,1417,7
1990,W08,1231,8
1990,W09,1143,9
1990,W10,1412,10
1990,W11,1396,11
1990,W12,1140,12
1990,W13,1379,13
1990,W14,1350,14
1990,W15,1352,15
1990,W16,1131,16
1990,X01,1328,1
1990,X02,1345,2
1990,X03,1207,3
1990,X04,1116,4
1990,X05,1228,5
1990,X06,1462,6
1990,X07,1208,7
1990,X08,1314,8
1990,X09,1283,9
1990,X10,1400,10
1990,X11,1243,11
1990,X12,1173,12
1990,X13,1343,13
1990,X14,1411,14
1990,X15,1419,15
1990,X16,1406,16
1990,Y01,1277,1
1990,Y02,1393,2
1990,Y03,1281,3
1990,Y04,1210,4
1990,Y05,1261,5
1990,Y06,1278,6
1990,Y07,1438,7
1990,Y08,1222,8
1990,Y09,1364,9
1990,Y10,1323,10
1990,Y11,1431,11
1990,Y12,1437,12
1990,Y13,1190,13
1990,Y14,1320,14
1990,Y15,1164,15
1990,Y16,1293,16
1990,Z01,1424,1
1990,Z02,1112,2
1990,Z03,1276,3
1990,Z04,1257,4
1990,Z05,1333,5
1990,Z06,1308,6
1990,Z07,1104,7
1990,Z08,1326,8
1990,Z09,1344,9
1990,Z10,1161,10
1990,Z11,1258,11
1990,Z12,1123,12
1990,Z13,1225,13
1990,Z14,1229,14
1990,Z15,1378,15
1990,Z16,1114,16
1991,W01,1314,1
1991,W02,1393,2
1991,W03,1329,3
1991,W04,1417,4
1991,W05,1280,5
1991,W06,1301,6
1991,W07,1345,7
1991,W08,1343,8
1991,W09,1437,9
1991,W10,1396,10
1991,W11,1379,11
1991,W12,1185,12
1991,W13,1336,13
1991,W14,1307,14
1991,W15,1350,15
1991,W16,1318,16
1991,X01,1116,1
1991,X02,1231,2
1991,X03,1242,3
1991,X04,1104,4
1991,X05,1448,5
1991,X06,1338,6
1991,X07,1199,7
1991,X08,1113,8
1991,X09,1353,9
1991,X10,1425,10
1991,X11,1208,11
1991,X12,1256,12
1991,X13,1293,13
1991,X14,1309,14
1991,X15,1157,15
1991,X16,1209,16
1991,Y01,1326,1
1991,Y02,1181,2
1991,Y03,1304,3
1991,Y04,1385,4
1991,Y05,1400,5
1991,Y06,1261,6
1991,Y07,1234,7
1991,Y08,1210,8
1991,Y09,1177,9
1991,Y10,1190,10
1991,Y11,1163,11
1991,Y12,1389,12
1991,Y13,1296,13
1991,Y14,1462,14
1991,Y15,1419,15
1991,Y16,1406,16
1991,Z01,1424,1
1991,Z02,1112,2
1991,Z03,1371,3
1991,Z04,1428,4
1991,Z05,1277,5
1991,Z06,1308,6
1991,Z07,1438,7
1991,Z08,1207,8
1991,Z09,1435,9
1991,Z10,1140,10
1991,Z11,1166,11
1991,Z12,1453,12
1991,Z13,1375,13
1991,Z14,1337,14
1991,Z15,1384,15
1991,Z16,1285,16
1992,W01,1181,1
1992,W02,1246,2
1992,W03,1269,3
1992,W04,1371,4
1992,W05,1281,5
1992,W06,1393,6
1992,W07,1150,7
1992,W08,1400,8
1992,W09,1234,9
1992,W10,1235,10
1992,W11,1343,11
1992,W12,1452,12
1992,W13,1247,13
1992,W14,1200,14
1992,W15,1330,15
1992,W16,1144,16
1992,X01,1417,1
1992,X02,1231,2
1992,X03,1199,3
1992,X04,1328,4
1992,X05,1177,5
1992,X06,1207,6
1992,X07,1261,7
1992,X08,1257,8
1992,X09,1448,9
1992,X10,1140,10
1992,X11,1378,11
1992,X12,1308,12
1992,X13,1418,13
1992,X14,1285,14
1992,X15,1183,15
1992,X16,1352,16
1992,Y01,1242,1
1992,Y02,1425,2
1992,Y03,1116,3
1992,Y04,1153,4
1992,Y05,1277,5
1992,Y06,1272,6
1992,Y07,1210,7
1992,Y08,1191,8
1992,Y09,1431,9
1992,Y10,1222,10
1992,Y11,1337,11
1992,Y12,1283,12
1992,Y13,1174,13
1992,Y14,1293,14
1992,Y15,1419,15
1992,Y16,1224,16
1992,Z01,1326,1
1992,Z02,1329,2
1992,Z03,1112,3
1992,Z04,1314,4
1992,Z05,1104,5
1992,Z06,1276,6
1992,Z07,1385,7
1992,Z08,1304,8
1992,Z09,1163,9
1992,Z10,1408,10
1992,Z11,1396,11
1992,Z12,1390,12
1992,Z13,1275,13
1992,Z14,1190,14
1992,Z15,1204,15
1992,Z16,1290,16
1993,W01,1314,1
1993,W02,1153,2
1993,W03,1269,3
1993,W04,1116,4
1993,W05,1385,5
1993,W06,1438,6
1993,W07,1308,7
1993,W08,1348,8
1993,W09,1345,9
1993,W10,1304,10
1993,W11,1264,11
1993,W12,1403,12
1993,W13,1221,13
1993,W14,1335,14
1993,W15,1164,15
1993,W16,1187,16
1993,X01,1231,1
1993,X02,1242,2
1993,X03,1181,3
1993,X04,1257,4
1993,X05,1329,5
1993,X06,1143,6
1993,X07,1140,7
1993,X08,1309,8
1993,X09,1462,9
1993,X10,1374,10
1993,X11,1261,11
1993,X12,1266,12
1993,X13,1174,13
1993,X14,1356,14
1993,X15,1123,15
1993,X16,1460,16
1993,Y01,1246,1
1993,Y02,1371,2
1993,Y03,1199,3
1993,Y04,1234,4
1993,Y05,1448,5
1993,Y06,1243,6
1993,Y07,1443,7
1993,Y08,1428,8
1993,Y09,1338,9
1993,Y10,1272,10
1993,Y11,1408,11
1993,Y12,1151,12
1993,Y13,1419,13
1993,Y14,1191,14
1993,Y15,1398,15
1993,Y16,1351,16
1993,Z01,1276,1
1993,Z02,1112,2
1993,Z03,1435,3
1993,Z04,1210,4
1993,Z05,1307,5
1993,Z06,1228,6
1993,Z07,1396,7
1993,Z08,1235,8
1993,Z09,1417,9
1993,Z10,1281,10
1993,Z11,1253,11
1993,Z12,1203,12
1993,Z13,1380,13
1993,Z14,1129,14
1993,Z15,1365,15
1993,Z16,1157,16
1994,W01,1314,1
1994,W02,1163,2
1994,W03,1196,3
1994,W04,1396,4
1994,W05,1231,5
1994,W06,1304,6
1994,W07,1412,7
1994,W08,1450,8
1994,W09,1130,9
1994,W10,1203,10
1994,W11,1335,11
1994,W12,1325,12
1994,W13,1180,13
1994,W14,1241,14
1994,W15,1351,15
1994,W16,1251,16
1994,X01,1345,1
1994,X02,1181,2
1994,X03,1246,3
1994,X04,1242,4
1994,X05,1448,5
1994,X06,1266,6
1994,X07,1277,7
1994,X08,1344,8
1994,X09,1104,9
1994,X10,1371,10
1994,X11,1418,11
1994,X12,1158,12
1994,X13,1151,13
1994,X14,1398,14
1994,X15,1411,15
1994,X16,1416,16
1994,Y01,1116,1
1994,Y02,1269,2
1994,Y03,1276,3
1994,Y04,1329,4
1994,Y05,1417,5
1994,Y06,1400,6
1994,Y07,1387,7
1994,Y08,1228,8
1994,Y09,1207,9
1994,Y10,1268,10
1994,Y11,1443,11
1994,Y12,1409,12
1994,Y13,1308,13
1994,Y14,1337,14
1994,Y15,1402,15
1994,Y16,1299,16
1994,Z01,1281,1
1994,Z02,1112,2
1994,Z03,1257,3
1994,Z04,1393,4
1994,Z05,1143,5
1994,Z06,1278,6
1994,Z07,1438,7
1994,Z08,1153,8
1994,Z09,1458,9
1994,Z10,1307,10
1994,Z11,1356,11
1994,Z12,1453,12
1994,Z13,1218,13
1994,Z14,1129,14
1994,Z15,1259,15
1994,Z16,1298,16
1995,W01,1448,1
1995,W02,1269,2
1995,W03,1437,3
1995,W04,1329,4
1995,W05,1104,5
1995,W06,1409,6
1995,W07,1150,7
1995,W08,1278,8
1995,W09,1387,9
1995,W10,1390,10
1995,W11,1228,11
1995,W12,1335,12
1995,W13,1180,13
1995,W14,1330,14
1995,W15,1389,15
1995,W16,1299,16
1995,X01,1417,1
1995,X02,1163,2
1995,X03,1268,3
1995,X04,1428,4
1995,X05,1280,5
1995,X06,1332,6
1995,X07,1153,7
1995,X08,1281,8
1995,X09,1231,9
1995,X10,1396,10
1995,X11,1400,11
1995,X12,1365,12
1995,X13,1253,13
1995,X14,1211,14
1995,X15,1151,15
1995,X16,1198,16
1995,Y01,1242,1
1995,Y02,1116,2
1995,Y03,1345,3
1995,Y04,1438,4
1995,Y05,1112,5
1995,Y06,1272,6
1995,Y07,1393,7
1995,Y08,1443,8
1995,Y09,1276,9
1995,Y10,1356,10
1995,Y11,1257,11
1995,Y12,1275,12
1995,Y13,1311,13
1995,Y14,1453,14
1995,Y15,1411,15
1995,Y16,1159,16
1995,Z01,1246,1
1995,Z02,1314,2
1995,Z03,1277,3
1995,Z04,1328,4
1995,Z05,1113,5
1995,Z06,1207,6
1995,Z07,1235,7
1995,Z08,1140,8
1995,Z09,1408,9
1995,Z10,1196,10
1995,Z11,1462,11
1995,Z12,1123,12
1995,Z13,1264,13
1995,Z14,1451,14
1995,Z15,1293,15
1995,Z16,1291,16
1996,W01,1269,1
1996,W02,1207,2
1996,W03,1403,3
1996,W04,1266,4
1996,W05,1336,5
1996,W06,1314,6
1996,W07,1307,7
1996,W08,1133,8
1996,W09,1390,9
1996,W10,1243,10
1996,W11,1309,11
1996,W12,1116,12
1996,W13,1284,13
1996,W14,1296,14
1996,W15,1290,15
1996,W16,1416,16
1996,X01,1246,1
1996,X02,1448,2
1996,X03,1437,3
1996,X04,1428,4
1996,X05,1235,5
1996,X06,1257,6
1996,X07,1276,7
1996,X08,1453,8
1996,X09,1439,9
1996,X10,1400,10
1996,X11,1409,11
1996,X12,1143,12
1996,X13,1145,13
1996,X14,1339,14
1996,X15,1419,15
1996,X16,1363,16
1996,Y01,1163,1
1996,Y02,1153,2
1996,Y03,1210,3
1996,Y04,1417,4
1996,Y05,1280,5
1996,Y06,1231,6
1996,Y07,1396,7
1996,Y08,1181,8
1996,Y09,1185,9
1996,Y10,1328,10
1996,Y11,1130,11
1996,Y12,1433,12
1996,Y13,1343,13
1996,Y14,1122,14
1996,Y15,1422,15
1996,Y16,1159,16
1996,Z01,1345,1
1996,Z02,1242,2
1996,Z03,1112,3
1996,Z04,1393,4
1996,Z05,1272,5
1996,Z06,1234,6
1996,Z07,1268,7
1996,Z08,1208,8
1996,Z09,1155,9
1996,Z10,1365,10
1996,Z11,1203,11
1996,Z12,1180,12
1996,Z13,1286,13
1996,Z14,1434,14
1996,Z15,1354,15
1996,Z16,1441,16
1997,W01,1314,1
1997,W02,1376,2
1997,W03,1307,3
1997,W04,1437,4
1997,W05,1143,5
1997,W06,1257,6
1997,W07,1458,7
1997,W08,1231,8
1997,W09,1160,9
1997,W10,1400,10
1997,W11,1269,11
1997,W12,1343,12
1997,W13,1254,13
1997,W14,1330,14
1997,W15,1164,15
1997,W16,1193,16
1997,X01,1242,1
1997,X02,1181,2
1997,X03,1208,3
1997,X04,1112,4
1997,X05,1268,5
1997,X06,1228,6
1997,X07,1266,7
1997,X08,1345,8
1997,X09,1348,9
1997,X10,1344,10
1997,X11,1425,11
1997,X12,1158,12
1997,X13,1375,13
1997,X14,1151,14
1997,X15,1293,15
1997,X16,1238,16
1997,Y01,1278,1
1997,Y02,1417,2
1997,Y03,1153,3
1997,Y04,1155,4
1997,Y05,1409,5
1997,Y06,1235,6
1997,Y07,1462,7
1997,Y08,1279,8
1997,Y09,1396,9
1997,Y10,1435,10
1997,Y11,1229,11
1997,Y12,1131,12
1997,Y13,1275,13
1997,Y14,1139,14
1997,Y15,1149,15
1997,Y16,1402,16
1997,Z01,1246,1
1997,Z02,1428,2
1997,Z03,1448,3
1997,Z04,1386,4
1997,Z05,1130,5
1997,Z06,1390,6
1997,Z07,1150,7
1997,Z08,1234,8
1997,Z09,1438,9
1997,Z10,1207,10
1997,Z11,1328,11
1997,Z12,1434,12
1997,Z13,1334,13
1997,Z14,1388,14
1997,Z15,1298,15
1997,Z16,1285,16
1998,W01,1314,1
1998,W02,1163,2
1998,W03,1376,3
1998,W04,1277,4
1998,W05,1343,5
1998,W06,1462,6
1998,W07,1231,7
1998,W08,1150,8
1998,W09,1227,9
1998,W10,1328,10
1998,W11,1449,11
1998,W12,1424,12
1998,W13,1185,13
1998,W14,1350,14
1998,W15,1192,15
1998,W16,1298,16
1998,X01,1112,1
1998,X02,1153,2
1998,X03,1428,3
1998,X04,1268,4
1998,X05,1228,5
1998,X06,1116,6
1998,X07,1396,7
1998,X08,1397,8
1998,X09,1229,9
1998,X10,1452,10
1998,X11,1304,11
1998,X12,1375,12
1998,X13,1429,13
1998,X14,1362,14
1998,X15,1319,15
1998,X16,1311,16
1998,Y01,1242,1
1998,Y02,1345,2
1998,Y03,1390,3
1998,Y04,1279,4
1998,Y05,1395,5
1998,Y06,1155,6
1998,Y07,1385,7
1998,Y08,1348,8
1998,Y09,1293,9
1998,Y10,1178,10
1998,Y11,1444,11
1998,Y12,1199,12
1998,Y13,1434,13
1998,Y14,1158,14
1998,Y15,1174,15
1998,Y16,1341,16
1998,Z01,1181,1
1998,Z02,1246,2
1998,Z03,1276,3
1998,Z04,1307,4
1998,Z05,1393,5
1998,Z06,1417,6
1998,Z07,1269,7
1998,Z08,1329,8
1998,Z09,1203,9
1998,Z10,1387,10
1998,Z11,1274,11
1998,Z12,1233,12
1998,Z13,1139,13
1998,Z14,1172,14
1998,Z15,1354,15
1998,Z16,1347,16
1999,W01,1181,1
1999,W02,1274,2
1999,W03,1153,3
1999,W04,1397,4
1999,W05,1458,5
1999,W06,1396,6
1999,W07,1400,7
1999,W08,1158,8
1999,W09,1409,9
1999,W10,1345,10
1999,W11,1245,11
1999,W12,1283,12
1999,W13,1174,13
1999,W14,1206,14
1999,W15,1248,15
1999,W16,1197,16
1999,X01,1277,1
1999,X02,1428,2
1999,X03,1246,3
1999,X04,1112,4
1999,X05,1150,5
1999,X06,1242,6
1999,X07,1449,7
1999,X08,1437,8
1999,X09,1279,9
1999,X10,1275,10
1999,X11,1191,11
1999,X12,1348,12
1999,X13,1328,13
1999,X14,1308,14
1999,X15,1117,15
1999,X16,1291,16
1999,Y01,1120,1
1999,Y02,1268,2
1999,Y03,1385,3
1999,Y04,1326,4
1999,Y05,1417,5
1999,Y06,1231,6
1999,Y07,1257,7
1999,Y08,1393,8
1999,Y09,1329,9
1999,Y10,1166,10
1999,Y11,1203,11
1999,Y12,1178,12
1999,Y13,1293,13
1999,Y14,1359,14
1999,Y15,1434,15
1999,Y16,1457,16
1999,Z01,1163,1
1999,Z02,1390,2
1999,Z03,1314,3
1999,Z04,1116,4
1999,Z05,1234,5
1999,Z06,1196,6
1999,Z07,1278,7
1999,Z08,1281,8
1999,Z09,1307,9
1999,Z10,1211,10
1999,Z11,1335,11
1999,Z12,1412,12
1999,Z13,1373,13
1999,Z14,1451,14
1999,Z15,1108,15
1999,Z16,1427,16
2000,W01,1181,1
2000,W02,1396,2
2000,W03,1329,3
2000,W04,1228,4
2000,W05,1196,5
2000,W06,1231,6
2000,W07,1332,7
2000,W08,1242,8
2000,W09,1177,9
2000,W10,1371,10
2000,W11,1337,11
2000,W12,1139,12
2000,W13,1335,13
2000,W14,1220,14
2000,W15,1248,15
2000,W16,1249,16
2000,X01,1390,1
2000,X02,1153,2
2000,X03,1326,3
2000,X04,1397,4
2000,X05,1163,5
2000,X06,1274,6
2000,X07,1409,7
2000,X08,1314,8
2000,X09,1281,9
2000,X10,1424,10
2000,X11,1116,11
2000,X12,1429,12
2000,X13,1418,13
2000,X14,1111,14
2000,X15,1423,15
2000,X16,1354,16
2000,Y01,1277,1
2000,Y02,1235,2
2000,Y03,1268,3
2000,Y04,1393,4
2000,Y05,1246,5
2000,Y06,1417,6
2000,Y07,1120,7
2000,Y08,1428,8
2000,Y09,1387,9
2000,Y10,1166,10
2000,Y11,1123,11
2000,Y12,1382,12
2000,Y13,1359,13
2000,Y14,1233,14
2000,Y15,1148,15
2000,Y16,1434,16
2000,Z01,1112,1
2000,Z02,1385,2
2000,Z03,1328,3
2000,Z04,1261,4
2000,Z05,1400,5
2000,Z06,1345,6
2000,Z07,1257,7
2000,Z08,1458,8
2000,Z09,1201,9
2000,Z10,1211,10
2000,Z11,1173,11
2000,Z12,1232,12
2000,Z13,1369,13
2000,Z14,1457,14
2000,Z15,1319,15
2000,Z16,1238,16
2001,W01,1181,1
2001,W02,1246,2
2001,W03,1130,3
2001,W04,1417,4
2001,W05,1326,5
2001,W06,1425,6
2001,W07,1234,7
2001,W08,1208,8
2001,W09,1281,9
2001,W10,1166,10
2001,W11,1329,11
2001,W12,1429,12
2001,W13,1220,13
2001,W14,1381,14
2001,W15,1221,15
2001,W16,1284,16
2001,X01,1390,1
2001,X02,1235,2
2001,X03,1268,3
2001,X04,1231,4
2001,X05,1153,5
2001,X06,1458,6
2001,X07,1116,7
2001,X08,1210,8
2001,X09,1386,9
2001,X10,1207,10
2001,X11,1209,11
2001,X12,1140,12
2001,X13,1245,13
2001,X14,1206,14
2001,X15,1214,15
2001,X16,1422,16
2001,Y01,1228,1
2001,Y02,1112,2
2001,Y03,1279,3
2001,Y04,1242,4
2001,Y05,1393,5
2001,Y06,1323,6
2001,Y07,1448,7
2001,Y08,1397,8
2001,Y09,1150,9
2001,Y10,1139,10
2001,Y11,1462,11
2001,Y12,1218,12
2001,Y13,1169,13
2001,Y14,1233,14
2001,Y15,1183,15
2001,Y16a,1322,16
2001,Y16b,1457,16
2001,Z01,1277,1
2001,Z02,1314,2
2001,Z03,1196,3
2001,Z04,1328,4
2001,Z05,1438,5
2001,Z06,1400,6
2001,Z07,1336,7
2001,Z08,1143,8
2001,Z09,1201,9
2001,Z10,1344,10
2001,Z11,1396,11
2001,Z12,1211,12
2001,Z13,1232,13
2001,Z14,1443,14
2001,Z15,1343,15
2001,Z16,1106,16
2002,W01,1268,1
2002,W02,1163,2
2002,W03,1208,3
2002,W04,1246,4
2002,W05,1266,5
2002,W06,1403,6
2002,W07,1301,7
2002,W08,1458,8
2002,W09,1385,9
2002,W10,1277,10
2002,W11,1356,11
2002,W12,1409,12
2002,W13,1434,13
2002,W14,1293,14
2002,W15,1214,15
2002,W16a,1108,16
2002,W16b,1373,16
2002,X01,1242,1
2002,X02,1332,2
2002,X03,1280,3
2002,X04,1228,4
2002,X05,1196,5
2002,X06,1400,6
2002,X07,1448,7
2002,X08,1390,8
2002,X09,1443,9
2002,X10,1337,10
2002,X11,1130,11
2002,X12,1166,12
2002,X13,1361,13
2002,X14,1270,14
2002,X15,1285,15
2002,X16,1221,16
2002,Y01,1181,1
2002,Y02,1104,2
2002,Y03,1338,3
2002,Y04,1425,4
2002,Y05,1231,5
2002,Y06,1143,6
2002,Y07,1329,7
2002,Y08,1323,8
2002,Y09,1150,9
2002,Y10,1245,10
2002,Y11,1335,11
2002,Y12,1428,12
2002,Y13,1423,13
2002,Y14,1148,14
2002,Y15,1194,15
2002,Y16,1457,16
2002,Z01,1153,1
2002,Z02,1328,2
2002,Z03,1112,3
2002,Z04,1326,4
2002,Z05,1274,5
2002,Z06,1211,6
2002,Z07,1462,7
2002,Z08,1417,8
2002,Z09,1279,9
2002,Z10,1218,10
2002,Z11,1461,11
2002,Z12,1281,12
2002,Z13,1172,13
2002,Z14,1364,14
2002,Z15,1227,15
2002,Z16,1131,16
2003,W01,1328,1
2003,W02,1448,2
2003,W03,1393,3
2003,W04,1257,4
2003,W05,1280,5
2003,W06,1329,6
2003,W07,1386,7
2003,W08,1143,8
2003,W09,1301,9
2003,W10,1120,10
2003,W11,1335,11
2003,W12,1139,12
2003,W13,1122,13
2003,W14,1264,14
2003,W15,1190,15
2003,W16,1354,16
2003,X01,1400,1
2003,X02,1196,2
2003,X03,1462,3
2003,X04,1390,4
2003,X05,1163,5
2003,X06,1268,6
2003,X07,1277,7
2003,X08,1261,8
2003,X09,1345,9
2003,X10,1160,10
2003,X11,1423,11
2003,X12,1140,12
2003,X13,1360,13
2003,X14,1407,14
2003,X15,1358,15
2003,X16a,1411,16
2003,X16b,1421,16
2003,Y01,1246,1
2003,Y02,1338,2
2003,Y03,1266,3
2003,Y04,1173,4
2003,Y05,1458,5
2003,Y06,1281,6
2003,Y07,1231,7
2003,Y08,1332,8
2003,Y09,1428,9
2003,Y10,1104,10
2003,Y11,1356,11
2003,Y12,1451,12
2003,Y13,1409,13
2003,Y14,1221,14
2003,Y15,1447,15
2003,Y16,1237,16
2003,Z01,1112,1
2003,Z02,1242,2
2003,Z03,1181,3
2003,Z04,1228,4
2003,Z05,1323,5
2003,Z06,1166,6
2003,Z07,1272,7
2003,Z08,1153,8
2003,Z09,1211,9
2003,Z10,1113,10
2003,Z11,1141,11
2003,Z12,1454,12
2003,Z13,1443,13
2003,Z14,1161,14
2003,Z15,1429,15
2003,Z16,1436,16
2004,W01,1181,1
2004,W02,1280,2
2004,W03,1400,3
2004,W04,1153,4
2004,W05,1228,5
2004,W06,1314,6
2004,W07,1462,7
2004,W08,1371,8
2004,W09,1112,9
2004,W10,1257,10
2004,W11,1102,11
2004,W12,1293,12
2004,W13,1190,13
2004,W14,1343,14
2004,W15,1284,15
2004,W16,1106,16
2004,X01,1390,1
2004,X02,1163,2
2004,X03,1301,3
2004,X04,1268,4
2004,X05,1393,5
2004,X06,1435,6
2004,X07,1177,7
2004,X08,1104,8
2004,X09,1356,9
2004,X10,1173,10
2004,X11,1444,11
2004,X12,1140,12
2004,X13,1431,13
2004,X14,1418,14
2004,X15,1436,15
2004,X16,1427,16
2004,Y01,1386,1
2004,Y02,1329,2
2004,Y03,1338,3
2004,Y04,1448,4
2004,Y05,1196,5
2004,Y06,1458,6
2004,Y07,1272,7
2004,Y08,1403,8
2004,Y09,1150,9
2004,Y10,1376,10
2004,Y11,1350,11
2004,Y12,1264,12
2004,Y13,1433,13
2004,Y14,1416,14
2004,Y15,1186,15
2004,Y16,1251,16
2004,Z01,1246,1
2004,Z02,1211,2
2004,Z03,1210,3
2004,Z04,1242,4
2004,Z05,1344,5
2004,Z06,1130,6
2004,Z07,1277,7
2004,Z08,1449,8
2004,Z09,1412,9
2004,Z10,1305,10
2004,Z11,1428,11
2004,Z12,1334,12
2004,Z13,1227,13
2004,Z14,1320,14
2004,Z15,1434,15
2004,Z16a,1197,16
2004,Z16b,1250,16
2005,W01,1449,1
2005,W02,1448,2
2005,W03,1211,3
2005,W04,1257,4
2005,W05,1210,5
2005,W06,1403,6
2005,W07,1452,7
2005,W08,1334,8
2005,W09,1338,9
2005,W10,1166,10
2005,W11,1417,11
2005,W12,1203,12
2005,W13,1418,13
2005,W14,1457,14
2005,W15,1151,15
2005,W16,1285,16
2005,X01,1228,1
2005,X02,1329,2
2005,X03,1112,3
2005,X04,1130,4
2005,X05,1104,5
2005,X06,1261,6
2005,X07,1356,7
2005,X08,1400,8
2005,X09,1305,9
2005,X10,1388,10
2005,X11,1412,11
2005,X12,1454,12
2005,X13,1335,13
2005,X14,1429,14
2005,X15,1368,15
2005,X16,1192,16
2005,Y01,1181,1
2005,Y02,1246,2
2005,Y03,1328,3
2005,Y04,1393,4
2005,Y05,1277,5
2005,Y06,1428,6
2005,Y07,1153,7
2005,Y08,1390,8
2005,Y09,1280,9
2005,Y10,1234,10
2005,Y11,1431,11
2005,Y12,1330,12
2005,Y13,1436,13
2005,Y14,1310,14
2005,Y15,1184,15
2005,Y16,1175,16
2005,Z01,1314,1
2005,Z02,1163,2
2005,Z03,1242,3
2005,Z04,1196,4
2005,Z05,1437,5
2005,Z06,1458,6
2005,Z07,1150,7
2005,Z08,1278,8
2005,Z09,1235,9
2005,Z10,1301,10
2005,Z11,1320,11
2005,Z12,1307,12
2005,Z13,1325,13
2005,Z14,1137,14
2005,Z15,1416,15
2005,Z16a,1105,16
2005,Z16b,1324,16
2006,W01,1181,1
2006,W02,1400,2
2006,W03,1234,3
2006,W04,1261,4
2006,W05,1393,5
2006,W06,1452,6
2006,W07,1143,7
2006,W08,1203,8
2006,W09,1423,9
2006,W10,1301,10
2006,W11,1356,11
2006,W12,1401,12
2006,W13,1233,13
2006,W14,1322,14
2006,W15,1335,15
2006,W16,1380,16
2006,X01,1272,1
2006,X02,1417,2
2006,X03,1211,3
2006,X04,1242,4
2006,X05,1338,5
2006,X06,1231,6
2006,X07,1266,7
2006,X08,1116,8
2006,X09,1137,9
2006,X10,1104,10
2006,X11,1361,11
2006,X12,1245,12
2006,X13,1133,13
2006,X14,1462,14
2006,X15,1125,15
2006,X16,1331,16
2006,Y01,1437,1
2006,Y02,1326,2
2006,Y03,1196,3
2006,Y04,1130,4
2006,Y05,1305,5
2006,Y06,1328,6
2006,Y07,1207,7
2006,Y08,1112,8
2006,Y09,1458,9
2006,Y10,1320,10
2006,Y11,1454,11
2006,Y12,1285,12
2006,Y13,1334,13
2006,Y14,1375,14
2006,Y15,1172,15
2006,Y16a,1214,16
2006,Y16b,1284,16
2006,Z01,1163,1
2006,Z02,1397,2
2006,Z03,1314,3
2006,Z04,1228,4
2006,Z05,1449,5
2006,Z06,1277,6
2006,Z07,1455,7
2006,Z08,1246,8
2006,Z09,1412,9
2006,Z10,1371,10
2006,Z11,1206,11
2006,Z12,1429,12
2006,Z13,1102,13
2006,Z14,1293,14
2006,Z15,1457,15
2006,Z16,1107,16
2007,W01,1314,1
2007,W02,1207,2
2007,W03,1450,3
2007,W04,1400,4
2007,W05,1425,5
2007,W06,1435,6
2007,W07,1130,7
2007,W08,1266,8
2007,W09,1277,9
2007,W10,1403,10
2007,W11,1203,11
2007,W12,1116,12
2007,W13,1308,13
2007,W14,1331,14
2007,W15,1125,15
2007,W16,1184,16
2007,X01,1326,1
2007,X02,1272,2
2007,X03,1401,3
2007,X04,1438,4
2007,X05,1397,5
2007,X06,1257,6
2007,X07,1305,7
2007,X08,1140,8
2007,X09,1462,9
2007,X10,1166,10
2007,X11,1390,11
2007,X12,1253,12
2007,X13,1107,13
2007,X14,1335,14
2007,X15,1317,15
2007,X16,1148,16
2007,Y01,1196,1
2007,Y02,1458,2
2007,Y03,1332,3
2007,Y04,1268,4
2007,Y05,1139,5
2007,Y06,1323,6
2007,Y07,1424,7
2007,Y08,1112,8
2007,Y09,1345,9
2007,Y10,1210,10
2007,Y11,1457,11
2007,Y12,1330,12
2007,Y13,1172,13
2007,Y14,1275,14
2007,Y15,1394,15
2007,Y16,1238,16
2007,Z01,1242,1
2007,Z02,1417,2
2007,Z03,1338,3
2007,Z04,1356,4
2007,Z05,1439,5
2007,Z06,1181,6
2007,Z07,1231,7
2007,Z08,1246,8
2007,Z09,1437,9
2007,Z10,1211,10
2007,Z11,1433,11
2007,Z12,1228,12
2007,Z13,1221,13
2007,Z14,1460,14
2007,Z15,1451,15
2007,Z16a,1197,16
2007,Z16b,1310,16
2008,W01,1314,1
2008,W02,1397,2
2008,W03,1257,3
2008,W04,1450,4
2008,W05,1323,5
2008,W06,1328,6
2008,W07,1139,7
2008,W08,1231,8
2008,W09,1116,9
2008,W10,1375,10
2008,W11,1386,11
2008,W12,1206,12
2008,W13,1457,13
2008,W14,1129,14
2008,W15,1110,15
2008,W16a,1164,16
2008,W16b,1291,16
2008,X01,1242,1
2008,X02,1207,2
2008,X03,1458,3
2008,X04,1435,4
2008,X05,1155,5
2008,X06,1425,6
2008,X07,1211,7
2008,X08,1424,8
2008,X09,1245,9
2008,X10,1172,10
2008,X11,1243,11
2008,X12,1437,12
2008,X13,1373,13
2008,X14,1168,14
2008,X15,1420,15
2008,X16,1340,16
2008,Y01,1272,1
2008,Y02,1400,2
2008,Y03,1390,3
2008,Y04,1338,4
2008,Y05,1277,5
2008,Y06,1266,6
2008,Y07,1274,7
2008,Y08,1280,8
2008,Y09,1332,9
2008,Y10,1388,10
2008,Y11,1246,11
2008,Y12,1396,12
2008,Y13,1331,13
2008,Y14,1165,14
2008,Y15,1122,15
2008,Y16,1426,16
2008,Z01,1417,1
2008,Z02,1181,2
2008,Z03,1462,3
2008,Z04,1163,4
2008,Z05,1179,5
2008,Z06,1345,6
2008,Z07,1452,7
2008,Z08,1140,8
2008,Z09,1401,9
2008,Z10,1112,10
2008,Z11,1124,11
2008,Z12,1443,12
2008,Z13,1360,13
2008,Z14,1208,14
2008,Z15,1125,15
2008,Z16,1290,16
2009,W01,1338,1
2009,W02,1181,2
2009,W03,1437,3
2009,W04,1462,4
2009,W05,1199,5
2009,W06,1417,6
2009,W07,1400,7
2009,W08,1329,8
2009,W09,1397,9
2009,W10,1278,10
2009,W11,1433,11
2009,W12,1458,12
2009,W13,1340,13
2009,W14,1110,14
2009,W15,1127,15
2009,W16,1190,16
2009,X01,1314,1
2009,X02,1328,2
2009,X03,1393,3
2009,X04,1211,4
2009,X05,1228,5
2009,X06,1113,6
2009,X07,1155,7
2009,X08,1261,8
2009,X09,1139,9
2009,X10,1276,10
2009,X11,1396,11
2009,X12,1443,12
2009,X13,1103,13
2009,X14,1372,14
2009,X15,1288,15
2009,X16,1347,16
2009,Y01,1257,1
2009,Y02,1277,2
2009,Y03,1242,3
2009,Y04,1448,4
2009,Y05,1428,5
2009,Y06,1452,6
2009,Y07,1130,7
2009,Y08,1326,8
2009,Y09,1373,9
2009,Y10,1425,10
2009,Y11,1173,11
2009,Y12,1112,12
2009,Y13,1156,13
2009,Y14,1295,14
2009,Y15,1352,15
2009,Y16a,1106,16
2009,Y16b,1287,16
2009,Z01,1163,1
2009,Z02,1272,2
2009,Z03,1281,3
2009,Z04,1449,4
2009,Z05,1345,5
2009,Z06,1266,6
2009,Z07,1143,7
2009,Z08,1140,8
2009,Z09,1401,9
2009,Z10,1268,10
2009,Z11,1429,11
2009,Z12,1320,12
2009,Z13,1280,13
2009,Z14,1165,14
2009,Z15,1169,15
2009,Z16,1151,16
2010,W01,1246,1
2010,W02,1452,2
2010,W03,1307,3
2010,W04,1458,4
2010,W05,1396,5
2010,W06,1266,6
2010,W07,1155,7
2010,W08,1400,8
2010,W09,1448,9
2010,W10,1281,10
2010,W11,1449,11
2010,W12,1165,12
2010,W13,1459,13
2010,W14,1285,14
2010,W15,1288,15
2010,W16,1190,16
2010,X01,1181,1
2010,X02,1437,2
2010,X03,1124,3
2010,X04,1345,4
2010,X05,1401,5
2010,X06,1323,6
2010,X07,1350,7
2010,X08,1143,8
2010,X09,1257,9
2010,X10,1388,10
2010,X11,1330,11
2010,X12,1429,12
2010,X13,1373,13
2010,X14,1358,14
2010,X15,1352,15
2010,X16a,1115,16
2010,X16b,1457,16
2010,Y01,1242,1
2010,Y02,1326,2
2010,Y03,1207,3
2010,Y04,1268,4
2010,Y05,1277,5
2010,Y06,1397,6
2010,Y07,1329,7
2010,Y08,1424,8
2010,Y09,1320,9
2010,Y10,1210,10
2010,Y11,1361,11
2010,Y12,1308,12
2010,Y13,1222,13
2010,Y14,1325,14
2010,Y15,1364,15
2010,Y16,1250,16
2010,Z01,1393,1
2010,Z02,1243,2
2010,Z03,1338,3
2010,Z04,1435,4
2010,Z05,1139,5
2010,Z06,1462,6
2010,Z07,1140,7
2010,Z08,1211,8
2010,Z09,1199,9
2010,Z10,1196,10
2010,Z11,1278,11
2010,Z12,1431,12
2010,Z13,1293,13
2010,Z14,1324,14
2010,Z15,1317,15
2010,Z16,1436,16
2011,W01,1326,1
2011,W02,1314,2
2011,W03,1393,3
2011,W04,1246,4
2011,W05,1452,5
2011,W06,1462,6
2011,W07,1449,7
2011,W08,1206,8
2011,W09,1437,9
2011,W10,1208,10
2011,W11,1266,11
2011,W12a,1155,12
2011,W12b,1412,12
2011,W13,1343,13
2011,W14,1232,14
2011,W15,1254,15
2011,W16a,1106,16
2011,W16b,1427,16
2011,X01,1181,1
2011,X02,1361,2
2011,X03,1163,3
2011,X04,1400,4
2011,X05,1112,5
2011,X06,1153,6
2011,X07,1396,7
2011,X08,1276,8
2011,X09,1397,9
2011,X10,1336,10
2011,X11,1281,11
2011,X12,1272,12
2011,X13,1324,13
2011,X14,1137,14
2011,X15,1294,15
2011,X16,1214,16
2011,Y01,1338,1
2011,Y02,1196,2
2011,Y03,1140,3
2011,Y04,1458,4
2011,Y05,1243,5
2011,Y06,1385,6
2011,Y07,1417,7
2011,Y08,1139,8
2011,Y09,1330,9
2011,Y10,1277,10
2011,Y11,1211,11
2011,Y12,1429,12
2011,Y13,1125,13
2011,Y14,1459,14
2011,Y15,1364,15
2011,Y16a,1114,16
2011,Y16b,1421,16
2011,Z01,1242,1
2011,Z02,1323,2
2011,Z03,1345,3
2011,Z04,1257,4
2011,Z05,1435,5
2011,Z06,1207,6
2011,Z07,1401,7
2011,Z08,1424,8
2011,Z09,1228,9
2011,Z10,1199,10
2011,Z11a,1425,11
2011,Z11b,1433,11
2011,Z12,1350,12
2011,Z13,1287,13
2011,Z14,1389,14
2011,Z15,1103,15
2011,Z16,1131,16
2012,W01,1393,1
2012,W02,1326,2
2012,W03,1199,3
2012,W04,1458,4
2012,W05,1435,5
2012,W06,1153,6
2012,W07,1211,7
2012,W08,1243,8
2012,W09,1379,9
2012,W10,1452,10
2012,W11,1400,11
2012,W12,1217,12
2012,W13,1285,13
2012,W14,1382,14
2012,W15,1259,15
2012,W16,1421,16
2012,X01,1314,1
2012,X02,1242,2
2012,X03,1207,3
2012,X04,1276,4
2012,X05,1396,5
2012,X06,1361,6
2012,X07,1388,7
2012,X08,1166,8
2012,X09,1104,9
2012,X10,1345,10
2012,X11,1301,11
2012,X12a,1143,12
2012,X12b,1378,12
2012,X13,1325,13
2012,X14,1125,14
2012,X15,1178,15
2012,X16a,1249,16
2012,X16b,1436,16
2012,Y01,1246,1
2012,Y02,1181,2
2012,Y03,1124,3
2012,Y04,1231,4
2012,Y05,1455,5
2012,Y06,1424,6
2012,Y07,1323,7
2012,Y08,1235,8
2012,Y09,1163,9
2012,Y10,1462,10
2012,Y11,1160,11
2012,Y12,1433,12
2012,Y13,1308,13
2012,Y14,1355,14
2012,Y15,1250,15
2012,Y16a,1290,16
2012,Y16b,1443,16
2012,Z01,1277,1
2012,Z02,1281,2
2012,Z03,1266,3
2012,Z04,1257,4
2012,Z05,1307,5
2012,Z06,1293,6
2012,Z07,1196,7
2012,Z08,1272,8
2012,Z09,1387,9
2012,Z10,1438,10
2012,Z11,1161,11
2012,Z12,1253,12
2012,Z13,1172,13
2012,Z14a,1140,14
2012,Z14b,1233,14
2012,Z15,1313,15
2012,Z16,1254,16
2013,W01,1231,1
2013,W02,1274,2
2013,W03,1266,3
2013,W04,1393,4
2013,W05,1424,5
2013,W06,1139,6
2013,W07,1228,7
2013,W08,1301,8
2013,W09,1396,9
2013,W10,1160,10
2013,W11,1137,11
2013,W12,1143,12
2013,W13,1285,13
2013,W14,1172,14
2013,W15,1334,15
2013,W16a,1241,16
2013,W16b,1254,16
2013,X01,1242,1
2013,X02,1207,2
2013,X03,1196,3
2013,X04,1276,4
2013,X05,1433,5
2013,X06,1417,6
2013,X07,1361,7
2013,X08,1314,8
2013,X09,1437,9
2013,X10,1328,10
2013,X11,1278,11
2013,X12,1103,12
2013,X13,1355,13
2013,X14,1322,14
2013,X15,1195,15
2013,X16,1443,16
2013,Y01,1257,1
2013,Y02,1181,2
2013,Y03,1277,3
2013,Y04,1387,4
2013,Y05,1329,5
2013,Y06,1272,6
2013,Y07,1166,7
2013,Y08,1161,8
2013,Y09,1281,9
2013,Y10,1153,10
2013,Y11a,1292,11
2013,Y11b,1388,11
2013,Y12,1332,12
2013,Y13,1308,13
2013,Y14,1434,14
2013,Y15,1107,15
2013,Y16a,1251,16
2013,Y16b,1299,16
2013,Z01,1211,1
2013,Z02,1326,2
2013,Z03,1307,3
2013,Z04,1243,4
2013,Z05,1458,5
2013,Z06,1112,6
2013,Z07,1323,7
2013,Z08,1338,8
2013,Z09,1455,9
2013,Z10,1235,10
2013,Z11,1125,11
2013,Z12,1279,12
2013,Z13a,1129,13
2013,Z13b,1247,13
2013,Z14,1217,14
2013,Z15,1233,15
2013,Z16,1380,16
2014,W01,1438,1
2014,W02,1437,2
2014,W03,1235,3
2014,W04,1277,4
2014,W05,1153,5
2014,W06,1314,6
2014,W07,1163,7
2014,W08,1272,8
2014,W09,1203,9
2014,W10,1386,10
2014,W11,1344,11
2014,W12,1217,12
2014,W13,1174,13
2014,W14,1300,14
2014,W15,1454,15
2014,W16,1157,16
2014,X01,1196,1
2014,X02,1242,2
2014,X03,1393,3
2014,X04,1417,4
2014,X05,1433,5
2014,X06,1326,6
2014,X07,1307,7
2014,X08,1160,8
2014,X09,1338,9
2014,X10,1390,10
2014,X11,1173,11
2014,X12,1372,12
2014,X13,1409,13
2014,X14,1444,14
2014,X15,1184,15
2014,X16a,1107,16
2014,X16b,1291,16
2014,Y01,1455,1
2014,Y02,1276,2
2014,Y03,1181,3
2014,Y04,1257,4
2014,Y05,1387,5
2014,Y06,1269,6
2014,Y07,1400,7
2014,Y08,1246,8
2014,Y09,1243,9
2014,Y10,1113,10
2014,Y11a,1234,11
2014,Y11b,1397,11
2014,Y12a,1301,12
2014,Y12b,1462,12
2014,Y13,1264,13
2014,Y14,1273,14
2014,Y15,1459,15
2014,Y16a,1142,16
2014,Y16b,1411,16
2014,Z01,1112,1
2014,Z02,1458,2
2014,Z03,1166,3
2014,Z04,1361,4
2014,Z05,1328,5
2014,Z06,1124,6
2014,Z07,1332,7
2014,Z08,1211,8
2014,Z09,1329,9
2014,Z10,1140,10
2014,Z11,1304,11
2014,Z12,1295,12
2014,Z13,1308,13
2014,Z14,1418,14
2014,Z15,1110,15
2014,Z16,1451,16
2015,W01,1437,1
2015,W02,1438,2
2015,W03,1328,3
2015,W04,1257,4
2015,W05,1320,5
2015,W06,1344,6
2015,W07,1277,7
2015,W08,1301,8
2015,W09,1261,9
2015,W10,1208,10
2015,W11a,1129,11
2015,W11b,1173,11
2015,W12,1461,12
2015,W13,1414,13
2015,W14,1107,14
2015,W15,1125,15
2015,W16,1248,16
2015,X01,1181,1
2015,X02,1211,2
2015,X03,1235,3
2015,X04,1207,4
2015,X05,1428,5
2015,X06,1374,6
2015,X07,1234,7
2015,X08,1361,8
2015,X09,1385,9
2015,X10,1172,10
2015,X11,1417,11
2015,X12,1372,12
2015,X13,1186,13
2015,X14,1412,14
2015,X15,1295,15
2015,X16a,1316,16
2015,X16b,1352,16
2015,Y01,1246,1
2015,Y02,1242,2
2015,Y03,1323,3
2015,Y04,1268,4
2015,Y05,1452,5
2015,Y06,1139,6
2015,Y07,1455,7
2015,Y08,1153,8
2015,Y09,1345,9
2015,Y10,1231,10
2015,Y11,1400,11
2015,Y12,1138,12
2015,Y13,1434,13
2015,Y14,1318,14
2015,Y15,1308,15
2015,Y16a,1214,16
2015,Y16b,1264,16
2015,Z01,1458,1
2015,Z02,1112,2
2015,Z03,1124,3
2015,Z04,1314,4
2015,Z05,1116,5
2015,Z06,1462,6
2015,Z07,1433,7
2015,Z08,1332,8
2015,Z09,1329,9
2015,Z10,1326,10
2015,Z11a,1140,11
2015,Z11b,1279,11
2015,Z12,1459,12
2015,Z13,1217,13
2015,Z14,1209,14
2015,Z15,1411,15
2015,Z16,1157,16
2016,W01,1314,1
2016,W02,1462,2
2016,W03,1452,3
2016,W04,1246,4
2016,W05,1231,5
2016,W06,1323,6
2016,W07,1458,7
2016,W08,1425,8
2016,W09,1344,9
2016,W10,1338,10
2016,W11a,1276,11
2016,W11b,1409,11
2016,W12,1151,12
2016,W13,1392,13
2016,W14,1372,14
2016,W15,1451,15
2016,W16a,1192,16
2016,W16b,1195,16
2016,X01,1438,1
2016,X02,1277,2
2016,X03,1428,3
2016,X04,1235,4
2016,X05,1345,5
2016,X06,1371,6
2016,X07,1173,7
2016,X08,1403,8
2016,X09,1139,9
2016,X10,1393,10
2016,X11,1211,11
2016,X12,1114,12
2016,X13,1233,13
2016,X14,1201,14
2016,X15,1292,15
2016,X16,1214,16
2016,Y01,1242,1
2016,Y02,1437,2
2016,Y03,1274,3
2016,Y04,1143,4
2016,Y05,1268,5
2016,Y06,1112,6
2016,Y07,1234,7
2016,Y08,1160,8
2016,Y09,1163,9
2016,Y10,1396,10
2016,Y11a,1435,11
2016,Y11b,1455,11
2016,Y12,1355,12
2016,Y13,1218,13
2016,Y14,1138,14
2016,Y15,1421,15
2016,Y16,1122,16
2016,Z01,1332,1
2016,Z02,1328,2
2016,Z03,1401,3
2016,Z04,1181,4
2016,Z05,1124,5
2016,Z06,1400,6
2016,Z07,1333,7
2016,Z08,1386,8
2016,Z09,1153,9
2016,Z10,1433,10
2016,Z11,1320,11
2016,Z12,1463,12
2016,Z13,1423,13
2016,Z14,1453,14
2016,Z15,1167,15
2016,Z16a,1221,16
2016,Z16b,1380,16
2017,W01,1437,1
2017,W02,1181,2
2017,W03,1124,3
2017,W04,1196,4
2017,W05,1438,5
2017,W06,1374,6
2017,W07,1376,7
2017,W08,1458,8
2017,W09,1439,9
2017,W10,1266,10
2017,W11a,1344,11
2017,W11b,1425,11
2017,W12,1423,12
2017,W13,1190,13
2017,W14,1308,14
2017,W15,1407,15
2017,W16a,1291,16
2017,W16b,1309,16
2017,X01,1211,1
2017,X02,1112,2
2017,X03,1199,3
2017,X04,1452,4
2017,X05,1323,5
2017,X06,1268,6
2017,X07,1388,7
2017,X08,1321,8
2017,X09,1435,9
2017,X10,1433,10
2017,X11,1462,11
2017,X12,1343,12
2017,X13,1137,13
2017,X14,1195,14
2017,X15,1315,15
2017,X16,1355,16
2017,Y01,1242,1
2017,Y02,1257,2
2017,Y03,1332,3
2017,Y04,1345,4
2017,Y05,1235,5
2017,Y06,1166,6
2017,Y07,1276,7
2017,Y08,1274,8
2017,Y09,1277,9
2017,Y10,1329,10
2017,Y11,1348,11
2017,Y12,1305,12
2017,Y13,1436,13
2017,Y14,1233,14
2017,Y15,1240,15
2017,Y16a,1300,16
2017,Y16b,1413,16
2017,Z01,1314,1
2017,Z02,1246,2
2017,Z03,1417,3
2017,Z04,1139,4
2017,Z05,1278,5
2017,Z06,1153,6
2017,Z07,1173,7
2017,Z08,1116,8
2017,Z09,1371,9
2017,Z10,1455,10
2017,Z11a,1243,11
2017,Z11b,1448,11
2017,Z12,1292,12
2017,Z13,1457,13
2017,Z14,1245,14
2017,Z15,1297,15
2017,Z16,1411,16
2018,,1438,1
2018,,1420,16
2018,,1166,8
2018,,1243,9
2018,,1246,5
2018,,1172,12
2018,,1112,4
2018,,1138,13
2018,,1274,6
2018,,1260,11
2018,,1397,3
2018,,1460,14
2018,,1305,7
2018,,1400,10
2018,,1153,2
2018,,1209,15
2018,,1462,1
2018,,1411,16
2018,,1281,8
2018,,1199,9
2018,,1326,5
2018,,1355,12
2018,,1211,4
2018,,1422,13
2018,,1222,6
2018,,1361,11
2018,,1276,3
2018,,1285,14
2018,,1401,7
2018,,1344,10
2018,,1314,2
2018,,1252,15
2018,,1437,1
2018,,1347,16
2018,,1439,8
2018,,1104,9
2018,,1452,5
2018,,1293,12
2018,,1455,4
2018,,1267,13
2018,,1196,6
2018,,1382,11
2018,,1403,3
2018,,1372,14
2018,,1116,7
2018,,1139,10
2018,,1345,2
2018,,1168,15
2018,,1243,1
2018,,1335,16
2018,,1371,8
2018,,1301,9
2018,,1155,5
2018,,1308,12
2018,,1120,4
2018,,1149,13
2018,,1395,6
2018,,1393,11
2018,,1277,3
2018,,1137,14
2018,,1348,7
2018,,1328,10
2018,,1181,2
2018,,1233,15